{"bbr": {"1": {"1": {"delay": 20.453, "loss": 0.0005065664064430875, "tput": 11.842237398410417}, "all": {"delay": 20.453, "loss": 0.0005065664064430875, "tput": 11.842237398410417}}}, "cubic": {"1": {"1": {"delay": 1803.078, "loss": 0.03350539243167905, "tput": 11.998990134547741}, "all": {"delay": 1803.078, "loss": 0.03350539243167905, "tput": 11.998990134547741}}}}