{"bbr": {"1": {"1": {"delay": 1485.221, "loss": 0.16721371462392665, "tput": 0.4556029737271134}, "all": {"delay": 1485.221, "loss": 0.16721371462392665, "tput": 0.4556029737271134}}}}