{"vegas": {"1": {"1": {"delay": 1502.52, "loss": 0.0034035446783310386, "tput": 0.24025707113309447}, "all": {"delay": 1502.52, "loss": 0.0034035446783310386, "tput": 0.24025707113309447}}}}