{"vegas": {"1": {"1": {"delay": 1595.672, "loss": 0.015554178082665238, "tput": 0.2398565956614429}, "all": {"delay": 1595.672, "loss": 0.015554178082665238, "tput": 0.2398565956614429}}}, "bbr": {"1": {"1": {"delay": 5641.576, "loss": 0.20834815329027578, "tput": 0.3623233177868639}, "all": {"delay": 5641.576, "loss": 0.20834815329027578, "tput": 0.3623233177868639}}}, "cubic": {"1": {"1": {"delay": 9001.323, "loss": 0.18667361156094187, "tput": 0.5144342933418297}, "all": {"delay": 9001.323, "loss": 0.18667361156094187, "tput": 0.5144342933418297}}}}