{"cubic": {"1": {"1": {"delay": 1496.733, "loss": 0.146076105366147, "tput": 0.4207141758614262}, "all": {"delay": 1496.733, "loss": 0.146076105366147, "tput": 0.4207141758614262}}}}