{"vegas": {"1": {"1": {"delay": 1493.384, "loss": 0.13335324741828114, "tput": 0.23329209135138887}, "all": {"delay": 1493.384, "loss": 0.13335324741828114, "tput": 0.23329209135138887}}}, "bbr": {"1": {"1": {"delay": 1502.698, "loss": 0.1448682124613685, "tput": 0.23353057759859477}, "all": {"delay": 1502.698, "loss": 0.1448682124613685, "tput": 0.23353057759859477}}}, "cubic": {"1": {"1": {"delay": 1500.528, "loss": 0.1373964060645887, "tput": 0.3989531021859624}, "all": {"delay": 1500.528, "loss": 0.1373964060645887, "tput": 0.3989531021859624}}}}